,game_id,at_bat_index,ab_start_time,ab_end_time,inning,half_inning,is_complete,event_type,play_event_description,batter_id,batter_name,pitcher_id,pitcher_name,pitcher_hand,batter_side,result_type,play_result_event,play_result_description,rbi,home_score,away_score,is_out,balls,strikes,outs,pitch_number,call_code,call_description,pitch_type,pitch_code,ball_color,trail_color,is_in_play,is_strike,is_ball,play_balls,play_strikes,play_outs,start_speed,end_speed,strike_zone_top,strike_zone_zottom,zone,plate_time,extension,break_angle,break_length,break_vertical,break_vertical_induced,break_horizontal,spin_rate,spin_direction,launch_speed,launch_angle,total_distance,trjaectory,hardness,location,hit_x,hit_y,runner1_id,runner1_name,runner1_start,runner1_end,runner1_out_base,runner1_is_out,runner1_credit_rbi,runner1_credit_earned,runner1_event,coordinates_ay,coordinates_az,coordinates_pfxx,coordinates_pfxz,coordinates_px,coordinates_pz,coordinates_vx0,coordinates_vy0,coordinates_vz0,coordinates_x,coordinates_y,coordinates_x0,coordinates_y0,coordinates_z0,coordinates_ax,runner2_id,runner2_name,runner2_start,runner2_end,runner2_out_base,runner2_is_out,runner2_credit_rbi,runner2_credit_earned,runner2_event,runner3_id,runner3_name,runner3_start,runner3_end,runner3_out_base,runner3_is_out,runner3_credit_rbi,runner3_credit_earned,runner3_event,runner4_id,runner4_name,runner4_start,runner4_end,runner4_out_base,runner4_is_out,runner4_credit_rbi,runner4_credit_earned,runner4_event,runner5_id,runner5_name,runner5_start,runner5_end,runner5_out_base,runner5_is_out,runner5_credit_rbi,runner5_credit_earned,runner5_event,runner6_id,runner6_name,runner6_start,runner6_end,runner6_out_base,runner6_is_out,runner6_credit_rbi,runner6_credit_earned,runner6_event,updated_at
0,777977,11,2025-05-10T23:31:57.961Z,2025-05-10T23:32:20.092Z,2,top,1,pitch,"In play, out(s)",686765,Nick Sogard,666142,Cole Ragans,L,R,atBat,Flyout,Nick Sogard flies out to center fielder Drew Waters.,0,0,0,1,0,0,2,1,X,"In play, out(s)",Four-Seam Fastball,FF,"rgba(26, 86, 190, 1.0)","rgba(188, 0, 33, 1.0)",1,0,0,0,0,1,93.4,84.6,3.08,1.41,1,0.405093,6.13782,45.6,4.8,-14.3,17.4,-14.3,2597.0,132.0,95.8,28.0,371.0,fly_ball,medium,8.0,145.2,50.77,686765,Nick Sogard,,,1B,1,0,0,Flyout,32.021,-13.2406,8.78615,10.2448,-0.350617,3.00953,-6.93784,-135.652,-5.69736,130.36,157.52,1.10942,50.0016,6.07422,16.2348,,,,,,,,,,,,,,,,,,,,,,,,,,,,,,,,,,,,,,,,,,,,,,2025-05-11 12:16:01
1,777977,33,2025-05-11T00:12:29.217Z,2025-05-11T00:13:35.462Z,5,top,1,pitch,Called Strike,686765,Nick Sogard,666142,Cole Ragans,L,R,atBat,Groundout,"Nick Sogard grounds out, shortstop Bobby Witt Jr. to first baseman Vinnie Pasquantino.",0,1,1,1,1,2,1,1,C,Called Strike,Knuckle Curve,KC,"rgba(170, 21, 11, 1.0)","rgba(153, 171, 0, 1.0)",0,1,0,0,1,0,79.5,72.8,3.12975,1.38375,8,0.476184,6.16656,9.6,13.2,-56.0,-12.4,9.8,2534.0,330.0,,,,,,,,,686765,Nick Sogard,,,1B,1,0,0,Groundout,24.7477,-41.1273,-5.22777,-6.70372,-0.129316,1.52449,-1.38572,-115.718,-1.88515,121.93,197.62,1.15872,50.0038,6.34715,-6.97926,,,,,,,,,,,,,,,,,,,,,,,,,,,,,,,,,,,,,,,,,,,,,,2025-05-11 12:16:01
2,777977,33,2025-05-11T00:12:29.217Z,2025-05-11T00:13:35.462Z,5,top,1,pitch,Swinging Strike,686765,Nick Sogard,666142,Cole Ragans,L,R,atBat,Groundout,"Nick Sogard grounds out, shortstop Bobby Witt Jr. to first baseman Vinnie Pasquantino.",0,1,1,1,1,2,1,2,S,Swinging Strike,Four-Seam Fastball,FF,"rgba(170, 21, 11, 1.0)","rgba(188, 0, 33, 1.0)",0,1,0,0,2,0,94.7,85.9,3.08,1.41,12,0.398859,6.12426,46.8,4.8,-15.8,14.9,-16.8,2606.0,133.0,,,,,,,,,686765,Nick Sogard,,,1B,1,0,0,Groundout,33.0896,-15.7365,9.88212,8.62721,0.593602,3.66835,-4.41747,-137.779,-3.91438,94.37,139.73,0.941435,50.006,6.18394,18.8379,,,,,,,,,,,,,,,,,,,,,,,,,,,,,,,,,,,,,,,,,,,,,,2025-05-11 12:16:01
3,777977,33,2025-05-11T00:12:29.217Z,2025-05-11T00:13:35.462Z,5,top,1,pitch,Ball,686765,Nick Sogard,666142,Cole Ragans,L,R,atBat,Groundout,"Nick Sogard grounds out, shortstop Bobby Witt Jr. to first baseman Vinnie Pasquantino.",0,1,1,1,1,2,1,3,B,Ball,Four-Seam Fastball,FF,"rgba(39, 161, 39, 1.0)","rgba(188, 0, 33, 1.0)",0,0,1,1,2,0,96.3,87.3,3.08,1.44998,11,0.392455,6.05123,49.2,4.8,-13.4,16.3,-15.8,2696.0,131.0,,,,,,,,,686765,Nick Sogard,,,1B,1,0,0,Groundout,33.9975,-13.4959,9.6718,9.48676,-0.656957,3.56438,-7.46036,-140.0,-4.69602,142.04,142.54,0.79662,50.0036,6.1586,19.0446,,,,,,,,,,,,,,,,,,,,,,,,,,,,,,,,,,,,,,,,,,,,,,2025-05-11 12:16:01
4,777977,33,2025-05-11T00:12:29.217Z,2025-05-11T00:13:35.462Z,5,top,1,pitch,"In play, out(s)",686765,Nick Sogard,666142,Cole Ragans,L,R,atBat,Groundout,"Nick Sogard grounds out, shortstop Bobby Witt Jr. to first baseman Vinnie Pasquantino.",0,1,1,1,1,2,1,4,X,"In play, out(s)",Changeup,CH,"rgba(26, 86, 190, 1.0)","rgba(0, 85, 254, 1.0)",1,0,0,1,2,0,84.8,77.3,3.08,1.41,12,0.444923,6.13012,33.6,7.2,-27.5,10.7,-18.1,2042.0,119.0,88.7,-32.0,8.0,ground_ball,medium,6.0,114.82,154.22,686765,Nick Sogard,,,1B,1,0,0,Groundout,25.7558,-22.9062,10.7062,6.04909,0.272122,3.35729,-5.13867,-123.353,-2.02354,106.63,148.13,0.997193,50.0047,6.12983,16.413,,,,,,,,,,,,,,,,,,,,,,,,,,,,,,,,,,,,,,,,,,,,,,2025-05-11 12:16:01
5,777977,46,2025-05-11T00:41:33.273Z,2025-05-11T00:43:09.836Z,6,top,1,pitch,Foul,686765,Nick Sogard,664199,Taylor Clarke,R,L,atBat,Groundout,"Nick Sogard grounds out, second baseman Maikel Garcia to first baseman Vinnie Pasquantino.",0,1,4,1,2,2,2,1,F,Foul,Slider,SL,"rgba(170, 21, 11, 1.0)","rgba(0, 0, 254, 1.0)",0,1,0,0,1,1,86.7,80.6,3.08,1.41,9,0.432177,6.16024,8.4,8.4,-34.9,1.2,-4.9,2298.0,108.0,,,,,,,,,686765,Nick Sogard,,,1B,1,0,0,Groundout,23.2746,-30.518,2.33934,1.01986,0.555254,1.78524,3.31409,-126.251,-4.28322,95.84,190.58,-1.07347,50.0058,5.93243,3.81511,,,,,,,,,,,,,,,,,,,,,,,,,,,,,,,,,,,,,,,,,,,,,,2025-05-11 12:16:01
6,777977,46,2025-05-11T00:41:33.273Z,2025-05-11T00:43:09.836Z,6,top,1,pitch,Ball,686765,Nick Sogard,664199,Taylor Clarke,R,L,atBat,Groundout,"Nick Sogard grounds out, second baseman Maikel Garcia to first baseman Vinnie Pasquantino.",0,1,4,1,2,2,2,2,B,Ball,Changeup,CH,"rgba(39, 161, 39, 1.0)","rgba(0, 85, 254, 1.0)",0,0,1,1,1,1,89.7,83.1,3.22772,1.41484,14,0.419741,6.29227,31.2,7.2,-28.4,5.5,17.2,1719.0,245.0,,,,,,,,,686765,Nick Sogard,,,1B,1,0,0,Groundout,25.1954,-25.0862,-10.4455,4.10053,1.07642,-0.258714,9.01103,-130.088,-9.73672,75.97,245.77,-1.0615,50.0039,5.4089,-18.0513,,,,,,,,,,,,,,,,,,,,,,,,,,,,,,,,,,,,,,,,,,,,,,2025-05-11 12:16:01
7,777977,46,2025-05-11T00:41:33.273Z,2025-05-11T00:43:09.836Z,6,top,1,pitch,Called Strike,686765,Nick Sogard,664199,Taylor Clarke,R,L,atBat,Groundout,"Nick Sogard grounds out, second baseman Maikel Garcia to first baseman Vinnie Pasquantino.",0,1,4,1,2,2,2,3,C,Called Strike,Four-Seam Fastball,FF,"rgba(170, 21, 11, 1.0)","rgba(188, 0, 33, 1.0)",0,1,0,1,2,1,95.6,86.9,3.08,1.35979,9,0.395529,6.34098,33.6,3.6,-13.7,16.6,8.8,2283.0,222.0,,,,,,,,,686765,Nick Sogard,,,1B,1,0,0,Groundout,33.0784,-12.5504,-5.51606,10.1195,0.34378,1.80652,5.20755,-138.845,-8.73583,103.9,190.0,-0.845698,50.0025,5.84274,-10.6961,,,,,,,,,,,,,,,,,,,,,,,,,,,,,,,,,,,,,,,,,,,,,,2025-05-11 12:16:01
8,777977,46,2025-05-11T00:41:33.273Z,2025-05-11T00:43:09.836Z,6,top,1,pitch,Ball,686765,Nick Sogard,664199,Taylor Clarke,R,L,atBat,Groundout,"Nick Sogard grounds out, second baseman Maikel Garcia to first baseman Vinnie Pasquantino.",0,1,4,1,2,2,2,4,B,Ball,Slider,SL,"rgba(39, 161, 39, 1.0)","rgba(0, 0, 254, 1.0)",0,0,1,2,2,1,89.2,82.7,3.20968,1.36473,14,0.421801,6.44715,9.6,6.0,-28.2,6.1,-5.2,2234.0,200.0,,,,,,,,,686765,Nick Sogard,,,1B,1,0,0,Groundout,25.7851,-24.6088,2.26318,4.42524,1.41236,-0.0331664,5.12446,-129.6,-9.8492,63.16,239.68,-0.880681,50.005,5.68015,3.86883,,,,,,,,,,,,,,,,,,,,,,,,,,,,,,,,,,,,,,,,,,,,,,2025-05-11 12:16:01
9,777977,46,2025-05-11T00:41:33.273Z,2025-05-11T00:43:09.836Z,6,top,1,pitch,"In play, out(s)",686765,Nick Sogard,664199,Taylor Clarke,R,L,atBat,Groundout,"Nick Sogard grounds out, second baseman Maikel Garcia to first baseman Vinnie Pasquantino.",0,1,4,1,2,2,2,5,X,"In play, out(s)",Slider,SL,"rgba(26, 86, 190, 1.0)","rgba(0, 0, 254, 1.0)",1,0,0,2,2,1,87.1,80.8,3.08,1.41,5,0.430369,6.03271,9.6,8.4,-35.9,-0.1,-6.2,2313.0,127.0,92.7,-13.0,12.0,ground_ball,medium,4.0,154.86,150.16,686765,Nick Sogard,,,1B,1,0,0,Groundout,24.0402,-31.752,3.3592,0.256909,-0.176615,1.99663,0.774643,-126.886,-3.64231,123.73,184.87,-0.921863,50.0032,5.95946,5.52052,,,,,,,,,,,,,,,,,,,,,,,,,,,,,,,,,,,,,,,,,,,,,,2025-05-11 12:16:01
10,777977,64,2025-05-11T01:16:31.829Z,2025-05-11T01:17:46.952Z,8,top,1,pitch,Called Strike,686765,Nick Sogard,672582,Angel Zerpa,L,R,atBat,Single,Nick Sogard singles on a ground ball to third baseman Jonathan India.,0,1,7,0,1,2,0,1,C,Called Strike,Sinker,SI,"rgba(170, 21, 11, 1.0)","rgba(50, 0, 221, 1.0)",0,1,0,0,1,0,95.7,87.6,3.08,1.49747,1,0.39413,5.57202,32.4,7.2,-27.7,2.3,-17.6,2135.0,137.0,,,,,,,,,686765,Nick Sogard,,1B,,0,0,0,Single,30.2382,-29.4968,11.0487,1.37046,-0.393591,2.7747,-11.9351,-138.821,-1.80189,132.0,163.86,2.52008,50.0055,5.39029,21.6303,,,,,,,,,,,,,,,,,,,,,,,,,,,,,,,,,,,,,,,,,,,,,,2025-05-11 12:16:01
11,777977,64,2025-05-11T01:16:31.829Z,2025-05-11T01:17:46.952Z,8,top,1,pitch,Called Strike,686765,Nick Sogard,672582,Angel Zerpa,L,R,atBat,Single,Nick Sogard singles on a ground ball to third baseman Jonathan India.,0,1,7,0,1,2,0,2,C,Called Strike,Sinker,SI,"rgba(170, 21, 11, 1.0)","rgba(50, 0, 221, 1.0)",0,1,0,0,2,0,94.3,86.6,3.08,1.34233,4,0.399436,5.40126,34.8,7.2,-24.5,6.4,-16.7,1883.0,130.0,,,,,,,,,686765,Nick Sogard,,1B,,0,0,0,Single,28.7569,-24.8789,10.4428,3.82616,-0.702757,2.46424,-11.5037,-136.86,-3.63555,143.79,172.25,2.18806,50.0025,5.50366,19.9113,,,,,,,,,,,,,,,,,,,,,,,,,,,,,,,,,,,,,,,,,,,,,,2025-05-11 12:16:01
12,777977,64,2025-05-11T01:16:31.829Z,2025-05-11T01:17:46.952Z,8,top,1,pitch,Ball,686765,Nick Sogard,672582,Angel Zerpa,L,R,atBat,Single,Nick Sogard singles on a ground ball to third baseman Jonathan India.,0,1,7,0,1,2,0,3,B,Ball,Four-Seam Fastball,FF,"rgba(39, 161, 39, 1.0)","rgba(188, 0, 33, 1.0)",0,0,1,1,2,0,95.8,87.5,3.08,1.50225,11,0.393013,5.15324,30.0,4.8,-16.8,13.0,-9.7,2073.0,122.0,,,,,,,,,686765,Nick Sogard,,1B,,0,0,0,Single,30.6695,-18.2604,6.40818,7.07233,-0.0556744,4.13653,-9.46721,-139.258,-0.226356,119.12,127.09,2.55228,50.0063,5.42465,12.6147,,,,,,,,,,,,,,,,,,,,,,,,,,,,,,,,,,,,,,,,,,,,,,2025-05-11 12:16:01
13,777977,64,2025-05-11T01:16:31.829Z,2025-05-11T01:17:46.952Z,8,top,1,pitch,Foul,686765,Nick Sogard,672582,Angel Zerpa,L,R,atBat,Single,Nick Sogard singles on a ground ball to third baseman Jonathan India.,0,1,7,0,1,2,0,4,F,Foul,Sinker,SI,"rgba(170, 21, 11, 1.0)","rgba(50, 0, 221, 1.0)",0,1,0,1,2,0,96.7,88.6,3.08,1.41,2,0.389327,5.39987,30.0,7.2,-26.3,2.9,-15.5,2104.0,128.0,,,,,,,,,686765,Nick Sogard,,1B,,0,0,0,Single,31.0348,-28.9359,9.71517,1.61357,-0.168027,3.18573,-10.6379,-140.542,-0.897263,123.4,152.77,2.39894,50.003,5.38388,19.4893,,,,,,,,,,,,,,,,,,,,,,,,,,,,,,,,,,,,,,,,,,,,,,2025-05-11 12:16:01
14,777977,64,2025-05-11T01:16:31.829Z,2025-05-11T01:17:46.952Z,8,top,1,pitch,"In play, no out",686765,Nick Sogard,672582,Angel Zerpa,L,R,atBat,Single,Nick Sogard singles on a ground ball to third baseman Jonathan India.,0,1,7,0,1,2,0,5,D,"In play, no out",Sinker,SI,"rgba(26, 86, 190, 1.0)","rgba(50, 0, 221, 1.0)",1,0,0,1,2,0,93.3,85.3,3.08,1.41,4,0.404602,5.48389,25.2,7.2,-31.1,0.6,-14.2,1511.0,133.0,97.8,4.0,96.0,ground_ball,medium,5.0,81.13,150.73,686765,Nick Sogard,,1B,,0,0,0,Single,30.19,-31.131,9.09697,0.561836,-0.725974,2.28823,-10.4667,-135.485,-3.01486,144.67,177.0,2.00931,50.0017,5.59584,16.8749,,,,,,,,,,,,,,,,,,,,,,,,,,,,,,,,,,,,,,,,,,,,,,2025-05-11 12:16:01
15,777977,78,2025-05-11T01:40:42.966Z,2025-05-11T01:41:47.190Z,9,top,1,pitch,Ball,686765,Nick Sogard,608717,Chris Stratton,R,L,atBat,Walk,Nick Sogard walks.,0,1,10,0,4,0,2,1,B,Ball,Curveball,CU,"rgba(39, 161, 39, 1.0)","rgba(0, 34, 255, 1.0)",0,0,1,1,0,2,81.5,75.0,3.08,1.33071,11,0.462264,6.20198,10.8,12.0,-52.3,-11.2,-10.3,3107.0,53.0,,,,,,,,,686765,Nick Sogard,,1B,,0,0,0,Walk,24.0309,-41.1181,5.62612,-6.29462,-1.00046,2.26238,0.504175,-118.764,-0.0706418,155.14,177.7,-1.94635,50.0051,6.05115,7.98935,,,,,,,,,,,,,,,,,,,,,,,,,,,,,,,,,,,,,,,,,,,,,,2025-05-11 12:16:01
16,777977,78,2025-05-11T01:40:42.966Z,2025-05-11T01:41:47.190Z,9,top,1,pitch,Ball,686765,Nick Sogard,608717,Chris Stratton,R,L,atBat,Walk,Nick Sogard walks.,0,1,10,0,4,0,2,2,B,Ball,Changeup,CH,"rgba(39, 161, 39, 1.0)","rgba(0, 85, 254, 1.0)",0,0,1,2,0,2,85.7,79.0,3.08,1.35557,11,0.437832,6.46031,22.8,8.4,-34.3,2.8,14.5,2132.0,235.0,,,,,,,,,686765,Nick Sogard,,1B,,0,0,0,Walk,23.8396,-29.8205,-8.51735,1.47949,-1.36654,3.05844,4.26077,-124.841,-0.913773,169.09,156.2,-1.98389,50.0012,5.87188,-13.5165,,,,,,,,,,,,,,,,,,,,,,,,,,,,,,,,,,,,,,,,,,,,,,2025-05-11 12:16:01
17,777977,78,2025-05-11T01:40:42.966Z,2025-05-11T01:41:47.190Z,9,top,1,pitch,Ball,686765,Nick Sogard,608717,Chris Stratton,R,L,atBat,Walk,Nick Sogard walks.,0,1,10,0,4,0,2,3,B,Ball,Four-Seam Fastball,FF,"rgba(39, 161, 39, 1.0)","rgba(188, 0, 33, 1.0)",0,0,1,3,0,2,92.0,84.6,3.20431,1.39615,11,0.407891,6.41714,8.4,4.8,-19.0,13.1,2.8,2567.0,213.0,,,,,,,,,686765,Nick Sogard,,1B,,0,0,0,Walk,27.4471,-18.6552,-2.07453,7.39444,-0.410475,3.60848,4.74733,-133.999,-2.30032,132.65,141.35,-1.93121,50.0062,5.80288,-3.79524,,,,,,,,,,,,,,,,,,,,,,,,,,,,,,,,,,,,,,,,,,,,,,2025-05-11 12:16:01
18,777977,78,2025-05-11T01:40:42.966Z,2025-05-11T01:41:47.190Z,9,top,1,pitch,Ball,686765,Nick Sogard,608717,Chris Stratton,R,L,atBat,Walk,Nick Sogard walks.,0,1,10,0,4,0,2,4,B,Ball,Four-Seam Fastball,FF,"rgba(39, 161, 39, 1.0)","rgba(188, 0, 33, 1.0)",0,0,1,4,0,2,91.5,84.2,3.16129,1.51624,12,0.410027,6.45776,1.2,3.6,-17.4,15.1,0.4,2491.0,205.0,,,,,,,,,686765,Nick Sogard,,1B,,0,0,0,Walk,27.0578,-16.771,-0.798793,8.51105,0.0467057,3.65953,5.31298,-133.28,-2.56097,115.22,139.97,-1.86368,50.0018,5.83568,-1.44599,,,,,,,,,,,,,,,,,,,,,,,,,,,,,,,,,,,,,,,,,,,,,,2025-05-11 12:16:01
19,777965,8,2025-05-11T18:31:32.352Z,2025-05-11T18:33:08.519Z,2,top,1,pitch,Called Strike,686765,Nick Sogard,607625,Seth Lugo,R,L,atBat,Lineout,Nick Sogard lines out to right fielder Drew Waters.,0,0,0,1,3,2,2,1,C,Called Strike,Sinker,SI,"rgba(170, 21, 11, 1.0)","rgba(50, 0, 221, 1.0)",0,1,0,0,1,1,90.7,84.2,3.17443,1.4514,4,0.412231,6.06244,32.4,6.0,-24.2,8.5,15.5,2266.0,220.0,,,,,,,,,686765,Nick Sogard,,,1B,1,0,0,Lineout,24.3708,-23.2303,-8.93116,4.98653,-0.579113,2.14439,4.24034,-132.146,-3.71465,139.07,180.88,-1.03173,50.0047,5.24644,-16.0238,,,,,,,,,,,,,,,,,,,,,,,,,,,,,,,,,,,,,,,,,,,,,,2025-05-20 20:46:42
20,777965,8,2025-05-11T18:31:32.352Z,2025-05-11T18:33:08.519Z,2,top,1,pitch,Ball,686765,Nick Sogard,607625,Seth Lugo,R,L,atBat,Lineout,Nick Sogard lines out to right fielder Drew Waters.,0,0,0,1,3,2,2,2,B,Ball,Curveball,CU,"rgba(39, 161, 39, 1.0)","rgba(0, 34, 255, 1.0)",0,0,1,1,1,1,78.2,71.9,3.18456,1.29718,13,0.482665,5.47657,10.8,13.2,-57.8,-12.8,-11.5,3094.0,47.0,,,,,,,,,686765,Nick Sogard,,,1B,1,0,0,Lineout,22.3083,-41.7232,6.60541,-7.3328,-1.16749,1.61046,-1.67535,-113.799,0.218521,161.5,195.3,-1.27664,50.0045,5.67144,8.60052,,,,,,,,,,,,,,,,,,,,,,,,,,,,,,,,,,,,,,,,,,,,,,2025-05-20 20:46:42
21,777965,8,2025-05-11T18:31:32.352Z,2025-05-11T18:33:08.519Z,2,top,1,pitch,Ball,686765,Nick Sogard,607625,Seth Lugo,R,L,atBat,Lineout,Nick Sogard lines out to right fielder Drew Waters.,0,0,0,1,3,2,2,3,B,Ball,Cutter,FC,"rgba(39, 161, 39, 1.0)","rgba(152, 0, 101, 1.0)",0,0,1,2,1,1,90.3,83.5,3.23791,1.44886,11,0.414107,5.75506,1.2,4.8,-22.2,10.9,0.6,2340.0,201.0,,,,,,,,,686765,Nick Sogard,,,1B,1,0,0,Lineout,24.9663,-21.3462,-0.386661,6.09826,-1.19589,3.35695,0.623391,-131.69,-1.63464,162.58,148.14,-1.38422,50.0058,5.54688,-0.687029,,,,,,,,,,,,,,,,,,,,,,,,,,,,,,,,,,,,,,,,,,,,,,2025-05-20 20:46:42
22,777965,8,2025-05-11T18:31:32.352Z,2025-05-11T18:33:08.519Z,2,top,1,pitch,Called Strike,686765,Nick Sogard,607625,Seth Lugo,R,L,atBat,Lineout,Nick Sogard lines out to right fielder Drew Waters.,0,0,0,1,3,2,2,4,C,Called Strike,Curveball,CU,"rgba(170, 21, 11, 1.0)","rgba(0, 34, 255, 1.0)",0,1,0,2,2,1,78.0,71.9,3.10012,1.27794,1,0.482272,5.5459,12.0,13.2,-56.3,-11.4,-11.8,2977.0,52.0,,,,,,,,,686765,Nick Sogard,,,1B,1,0,0,Lineout,20.6126,-41.2068,6.60663,-6.90962,-0.756238,3.11366,-1.01373,-113.536,3.14661,145.83,154.71,-1.16266,50.0049,5.80815,8.63332,,,,,,,,,,,,,,,,,,,,,,,,,,,,,,,,,,,,,,,,,,,,,,2025-05-20 20:46:42
23,777965,8,2025-05-11T18:31:32.352Z,2025-05-11T18:33:08.519Z,2,top,1,pitch,Ball,686765,Nick Sogard,607625,Seth Lugo,R,L,atBat,Lineout,Nick Sogard lines out to right fielder Drew Waters.,0,0,0,1,3,2,2,5,B,Ball,Curveball,CU,"rgba(39, 161, 39, 1.0)","rgba(0, 34, 255, 1.0)",0,0,1,3,2,1,79.7,73.0,3.09254,1.30313,11,0.47376,5.59985,12.0,13.2,-57.4,-14.0,-12.6,3123.0,53.0,,,,,,,,,686765,Nick Sogard,,,1B,1,0,0,Lineout,23.4894,-43.3797,7.26255,-8.29965,-1.18063,2.5451,-1.88418,-116.004,2.37859,162.0,170.06,-1.29689,50.0005,5.66858,9.80924,,,,,,,,,,,,,,,,,,,,,,,,,,,,,,,,,,,,,,,,,,,,,,2025-05-20 20:46:42
24,777965,8,2025-05-11T18:31:32.352Z,2025-05-11T18:33:08.519Z,2,top,1,pitch,"In play, out(s)",686765,Nick Sogard,607625,Seth Lugo,R,L,atBat,Lineout,Nick Sogard lines out to right fielder Drew Waters.,0,0,0,1,3,2,2,6,X,"In play, out(s)",Sinker,SI,"rgba(26, 86, 190, 1.0)","rgba(50, 0, 221, 1.0)",1,0,0,3,2,1,91.9,84.1,3.09,1.41,7,0.409776,6.1342,37.2,7.2,-24.0,8.4,17.9,2363.0,220.0,85.1,24.0,285.0,line_drive,medium,9.0,163.59,91.56,686765,Nick Sogard,,,1B,1,0,0,Lineout,29.0105,-23.0694,-10.5237,5.03164,-0.45723,1.91525,5.4236,-133.702,-4.23181,134.43,187.07,-1.14556,50.0024,5.17549,-19.039,,,,,,,,,,,,,,,,,,,,,,,,,,,,,,,,,,,,,,,,,,,,,,2025-05-20 20:46:42
25,777965,29,2025-05-11T19:17:29.490Z,2025-05-11T19:18:18.245Z,5,top,1,pitch,Called Strike,686765,Nick Sogard,607625,Seth Lugo,R,L,atBat,Strikeout,Nick Sogard called out on strikes.,0,1,1,1,1,3,1,1,C,Called Strike,Splitter,FS,"rgba(170, 21, 11, 1.0)","rgba(119, 0, 152, 1.0)",0,1,0,0,1,0,84.3,77.6,3.26335,1.48231,5,0.44559,5.88122,20.4,7.2,-30.8,7.4,11.6,1472.0,237.0,,,,,,,,,686765,Nick Sogard,,,1B,1,0,0,Strikeout,23.3858,-25.7564,-7.04361,4.1891,0.176298,2.59069,5.09219,-122.738,-1.79411,110.28,168.83,-1.00608,50.0032,5.51609,-10.7898,,,,,,,,,,,,,,,,,,,,,,,,,,,,,,,,,,,,,,,,,,,,,,2025-05-20 20:46:42
26,777965,29,2025-05-11T19:17:29.490Z,2025-05-11T19:18:18.245Z,5,top,1,pitch,Ball,686765,Nick Sogard,607625,Seth Lugo,R,L,atBat,Strikeout,Nick Sogard called out on strikes.,0,1,1,1,1,3,1,2,B,Ball,Four-Seam Fastball,FF,"rgba(39, 161, 39, 1.0)","rgba(188, 0, 33, 1.0)",0,0,1,1,1,0,89.5,82.5,3.26519,1.48419,11,0.418731,5.95388,16.8,6.0,-23.8,10.1,7.0,2297.0,206.0,,,,,,,,,686765,Nick Sogard,,,1B,1,0,0,Strikeout,24.9314,-22.7313,-4.35792,5.43669,-0.0915303,3.95845,4.51101,-130.334,0.0139267,120.49,131.9,-1.27069,50.0036,5.65619,-7.57018,,,,,,,,,,,,,,,,,,,,,,,,,,,,,,,,,,,,,,,,,,,,,,2025-05-20 20:46:42
27,777965,29,2025-05-11T19:17:29.490Z,2025-05-11T19:18:18.245Z,5,top,1,pitch,Foul,686765,Nick Sogard,607625,Seth Lugo,R,L,atBat,Strikeout,Nick Sogard called out on strikes.,0,1,1,1,1,3,1,3,F,Foul,Curveball,CU,"rgba(170, 21, 11, 1.0)","rgba(0, 34, 255, 1.0)",0,1,0,1,2,0,76.9,71.7,3.09,1.41,5,0.487128,5.61972,9.6,13.2,-56.2,-10.3,-10.2,2902.0,52.0,,,,,,,,,686765,Nick Sogard,,,1B,1,0,0,Strikeout,18.9605,-39.7619,5.48248,-5.91497,-0.127567,1.97221,0.800272,-112.143,0.515366,121.86,185.53,-1.20118,50.0044,5.77292,7.03129,,,,,,,,,,,,,,,,,,,,,,,,,,,,,,,,,,,,,,,,,,,,,,2025-05-20 20:46:42
28,777965,29,2025-05-11T19:17:29.490Z,2025-05-11T19:18:18.245Z,5,top,1,pitch,Called Strike,686765,Nick Sogard,607625,Seth Lugo,R,L,atBat,Strikeout,Nick Sogard called out on strikes.,0,1,1,1,1,3,1,4,C,Called Strike,Sinker,SI,"rgba(170, 21, 11, 1.0)","rgba(50, 0, 221, 1.0)",0,1,0,1,3,0,91.8,84.5,3.25547,1.53968,3,0.408674,6.07342,32.4,7.2,-26.0,6.1,16.3,2316.0,219.0,,,,,,,,,686765,Nick Sogard,,,1B,1,0,0,Strikeout,26.8703,-25.9548,-9.80146,3.41463,0.637313,3.17586,7.14492,-133.662,-1.06867,92.71,153.03,-0.787382,50.0051,5.43234,-17.8647,,,,,,,,,,,,,,,,,,,,,,,,,,,,,,,,,,,,,,,,,,,,,,2025-05-20 20:46:42
29,777965,44,2025-05-11T19:42:53.668Z,2025-05-11T19:43:07.778Z,7,top,1,pitch,"In play, out(s)",686765,Nick Sogard,674444,Steven Cruz,R,L,atBat,Groundout,Nick Sogard grounds out to first baseman Salvador Perez.,0,1,3,1,0,0,2,1,X,"In play, out(s)",Four-Seam Fastball,FF,"rgba(26, 86, 190, 1.0)","rgba(188, 0, 33, 1.0)",1,0,0,0,0,1,96.8,89.2,3.09,1.41,5,0.388183,6.56929,21.6,3.6,-17.4,11.6,7.0,2234.0,207.0,64.6,-42.0,5.0,ground_ball,medium,3.0,148.38,174.83,686765,Nick Sogard,,,1B,1,0,0,Groundout,29.4197,-18.1849,-4.7838,6.92677,-0.0503442,2.55754,9.46097,-140.655,-5.47579,118.92,169.73,-2.8236,50.007,5.69405,-9.66793,,,,,,,,,,,,,,,,,,,,,,,,,,,,,,,,,,,,,,,,,,,,,,2025-05-20 20:46:42
30,777965,60,2025-05-11T20:19:17.668Z,2025-05-11T20:22:18.396Z,9,top,1,pitch,Called Strike,686765,Nick Sogard,664199,Taylor Clarke,R,L,atBat,Flyout,Nick Sogard flies out to right fielder Drew Waters.,0,1,3,1,2,2,2,1,C,Called Strike,Slider,SL,"rgba(170, 21, 11, 1.0)","rgba(0, 0, 254, 1.0)",0,1,0,0,1,1,87.8,81.2,3.13441,1.33863,3,0.427017,6.09782,7.2,7.2,-32.3,3.0,-4.1,2271.0,150.0,,,,,,,,,686765,Nick Sogard,,,1B,1,0,0,Flyout,24.745,-29.2259,1.83594,1.76635,0.56859,2.75869,3.75197,-127.943,-2.26349,95.33,164.3,-1.15152,50.0022,5.93004,3.06378,,,,,,,,,,,,,,,,,,,,,,,,,,,,,,,,,,,,,,,,,,,,,,2025-05-20 20:46:42
31,777965,60,2025-05-11T20:19:17.668Z,2025-05-11T20:22:18.396Z,9,top,1,pitch,Foul,686765,Nick Sogard,664199,Taylor Clarke,R,L,atBat,Flyout,Nick Sogard flies out to right fielder Drew Waters.,0,1,3,1,2,2,2,2,F,Foul,Slider,SL,"rgba(170, 21, 11, 1.0)","rgba(0, 0, 254, 1.0)",0,1,0,0,2,1,87.5,81.3,3.09,1.41,6,0.428069,6.10299,7.2,7.2,-32.8,2.6,-4.1,2353.0,151.0,,,,,,,,,686765,Nick Sogard,,,1B,1,0,0,Flyout,23.7191,-29.2228,1.81413,1.77889,0.626513,2.06712,3.58726,-127.464,-4.13734,93.12,182.97,-1.02933,50.0054,5.99269,3.01553,,,,,,,,,,,,,,,,,,,,,,,,,,,,,,,,,,,,,,,,,,,,,,2025-05-20 20:46:42
32,777965,60,2025-05-11T20:19:17.668Z,2025-05-11T20:22:18.396Z,9,top,1,pitch,Ball,686765,Nick Sogard,664199,Taylor Clarke,R,L,atBat,Flyout,Nick Sogard flies out to right fielder Drew Waters.,0,1,3,1,2,2,2,3,B,Ball,Sinker,SI,"rgba(39, 161, 39, 1.0)","rgba(50, 0, 221, 1.0)",0,0,1,1,2,1,94.2,86.9,3.17221,1.32349,3,0.398141,6.28019,37.2,4.8,-18.6,12.0,14.0,2315.0,212.0,,,,,,,,,686765,Nick Sogard,,,1B,1,0,0,Flyout,27.2536,-18.6818,-8.51826,7.02089,0.706272,2.8879,7.58888,-137.016,-4.64391,90.08,160.81,-0.978301,50.0035,5.86271,-16.3697,,,,,,,,,,,,,,,,,,,,,,,,,,,,,,,,,,,,,,,,,,,,,,2025-05-20 20:46:42
33,777965,60,2025-05-11T20:19:17.668Z,2025-05-11T20:22:18.396Z,9,top,1,pitch,Foul,686765,Nick Sogard,664199,Taylor Clarke,R,L,atBat,Flyout,Nick Sogard flies out to right fielder Drew Waters.,0,1,3,1,2,2,2,4,F,Foul,Changeup,CH,"rgba(170, 21, 11, 1.0)","rgba(0, 85, 254, 1.0)",0,1,0,1,2,1,89.1,81.2,3.09,1.41,5,0.423883,6.22939,31.2,7.2,-28.2,6.5,17.0,1878.0,243.0,,,,,,,,,686765,Nick Sogard,,,1B,1,0,0,Flyout,28.7077,-25.5927,-10.3124,3.89695,0.0851805,2.41819,6.68766,-129.54,-3.30059,113.75,173.49,-1.19878,50.0008,5.6794,-17.4099,,,,,,,,,,,,,,,,,,,,,,,,,,,,,,,,,,,,,,,,,,,,,,2025-05-20 20:46:42
34,777965,60,2025-05-11T20:19:17.668Z,2025-05-11T20:22:18.396Z,9,top,1,pitch,Foul,686765,Nick Sogard,664199,Taylor Clarke,R,L,atBat,Flyout,Nick Sogard flies out to right fielder Drew Waters.,0,1,3,1,2,2,2,5,F,Foul,Sinker,SI,"rgba(170, 21, 11, 1.0)","rgba(50, 0, 221, 1.0)",0,1,0,1,2,1,94.4,87.3,3.09,1.41,5,0.396985,6.26734,37.2,4.8,-19.1,11.3,14.6,2282.0,211.0,,,,,,,,,686765,Nick Sogard,,,1B,1,0,0,Flyout,27.2905,-19.1861,-8.62119,6.71695,-0.224348,2.54206,5.7769,-137.395,-5.53686,125.55,170.14,-1.22238,50.0002,5.86597,-16.6622,,,,,,,,,,,,,,,,,,,,,,,,,,,,,,,,,,,,,,,,,,,,,,2025-05-20 20:46:42
35,777965,60,2025-05-11T20:19:17.668Z,2025-05-11T20:22:18.396Z,9,top,1,pitch,Ball,686765,Nick Sogard,664199,Taylor Clarke,R,L,atBat,Flyout,Nick Sogard flies out to right fielder Drew Waters.,0,1,3,1,2,2,2,6,B,Ball,Four-Seam Fastball,FF,"rgba(39, 161, 39, 1.0)","rgba(188, 0, 33, 1.0)",0,0,1,2,2,1,94.3,86.7,3.05644,1.39323,11,0.39754,6.20391,24.0,3.6,-14.6,15.8,6.6,2313.0,213.0,,,,,,,,,686765,Nick Sogard,,,1B,1,0,0,Flyout,28.4699,-15.1718,-3.96495,8.83093,-0.479617,4.24495,3.32134,-137.414,-1.94006,135.28,124.17,-1.1847,50.005,5.98291,-7.63626,,,,,,,,,,,,,,,,,,,,,,,,,,,,,,,,,,,,,,,,,,,,,,2025-05-20 20:46:42
36,777965,60,2025-05-11T20:19:17.668Z,2025-05-11T20:22:18.396Z,9,top,1,pitch,"In play, out(s)",686765,Nick Sogard,664199,Taylor Clarke,R,L,atBat,Flyout,Nick Sogard flies out to right fielder Drew Waters.,0,1,3,1,2,2,2,7,X,"In play, out(s)",Changeup,CH,"rgba(26, 86, 190, 1.0)","rgba(0, 85, 254, 1.0)",1,0,0,2,2,1,88.3,81.4,3.09,1.41,8,0.425758,6.25299,32.4,7.2,-29.0,6.0,18.0,1871.0,242.0,93.5,28.0,356.0,fly_ball,medium,9.0,194.38,79.73,686765,Nick Sogard,,,1B,1,0,0,Flyout,25.3406,-25.8732,-10.607,3.75941,-0.20256,1.78128,6.08648,-128.402,-4.65467,124.72,190.69,-1.21934,50.0064,5.61861,-17.804,,,,,,,,,,,,,,,,,,,,,,,,,,,,,,,,,,,,,,,,,,,,,,2025-05-20 20:46:42
37,777951,67,2025-05-13T00:42:17.874Z,2025-05-13T00:43:27.695Z,7,top,1,pitch,Called Strike,686765,Nick Sogard,674944,Sean Guenther,L,R,atBat,Strikeout,Nick Sogard called out on strikes.,0,13,1,1,1,3,3,1,C,Called Strike,Slider,SL,"rgba(170, 21, 11, 1.0)","rgba(0, 0, 254, 1.0)",0,1,0,0,1,2,78.4,71.8,3.0126,1.36598,7,0.482935,6.33225,18.0,12.0,-50.9,-5.9,17.2,2475.0,313.0,,,,,,,,,686765,Nick Sogard,,,1B,1,0,0,Strikeout,23.6918,-36.5722,-8.56905,-3.38691,-0.744744,1.64651,-5.96044,-114.026,-0.206656,145.39,194.32,3.02922,50.0024,5.38954,-11.1262,,,,,,,,,,,,,,,,,,,,,,,,,,,,,,,,,,,,,,,,,,,,,,2025-05-20 20:46:45
38,777951,67,2025-05-13T00:42:17.874Z,2025-05-13T00:43:27.695Z,7,top,1,pitch,Ball,686765,Nick Sogard,674944,Sean Guenther,L,R,atBat,Strikeout,Nick Sogard called out on strikes.,0,13,1,1,1,3,3,2,B,Ball,Splitter,FS,"rgba(39, 161, 39, 1.0)","rgba(119, 0, 152, 1.0)",0,0,1,1,1,2,82.8,75.9,3.04272,1.39559,14,0.45643,6.42356,22.8,9.6,-38.0,2.2,-15.7,1534.0,107.0,,,,,,,,,686765,Nick Sogard,,,1B,1,0,0,Strikeout,24.3381,-29.6898,9.73668,1.70154,0.873104,0.662223,-7.63481,-120.222,-4.50378,83.72,220.9,2.83235,50.0016,5.20936,14.1845,,,,,,,,,,,,,,,,,,,,,,,,,,,,,,,,,,,,,,,,,,,,,,2025-05-20 20:46:45
39,777951,67,2025-05-13T00:42:17.874Z,2025-05-13T00:43:27.695Z,7,top,1,pitch,Swinging Strike,686765,Nick Sogard,674944,Sean Guenther,L,R,atBat,Strikeout,Nick Sogard called out on strikes.,0,13,1,1,1,3,3,3,S,Swinging Strike,Splitter,FS,"rgba(170, 21, 11, 1.0)","rgba(119, 0, 152, 1.0)",0,1,0,1,2,2,82.5,76.5,3.11,1.4,8,0.455207,6.43136,20.4,9.6,-39.0,1.0,-14.5,1404.0,101.0,,,,,,,,,686765,Nick Sogard,,,1B,1,0,0,Strikeout,21.2449,-31.0285,9.03179,0.778701,0.197401,1.44516,-8.46576,-119.919,-2.87384,109.48,199.76,2.58495,50.0031,5.40219,13.2731,,,,,,,,,,,,,,,,,,,,,,,,,,,,,,,,,,,,,,,,,,,,,,2025-05-20 20:46:45
40,777951,67,2025-05-13T00:42:17.874Z,2025-05-13T00:43:27.695Z,7,top,1,pitch,Called Strike,686765,Nick Sogard,674944,Sean Guenther,L,R,atBat,Strikeout,Nick Sogard called out on strikes.,0,13,1,1,1,3,3,4,C,Called Strike,Slider,SL,"rgba(170, 21, 11, 1.0)","rgba(0, 0, 254, 1.0)",0,1,0,1,3,2,76.9,70.2,2.9974,1.38136,6,0.492119,6.12015,19.2,12.0,-51.5,-4.7,18.4,2132.0,314.0,,,,,,,,,686765,Nick Sogard,,,1B,1,0,0,Strikeout,22.7629,-35.9897,-9.75982,-3.05362,0.797,2.46664,-2.58401,-111.886,1.63527,86.62,172.18,3.23846,50.0009,5.45254,-12.2033,,,,,,,,,,,,,,,,,,,,,,,,,,,,,,,,,,,,,,,,,,,,,,2025-05-20 20:46:45
41,777940,10,2025-05-13T23:02:24.819Z,2025-05-13T23:03:07.308Z,2,top,1,pitch,Ball,686765,Nick Sogard,663947,Tyler Holton,L,R,atBat,Double,Nick Sogard doubles (1) on a ground ball to left fielder Riley Greene.,0,1,0,0,1,0,2,1,B,Ball,Cutter,FC,"rgba(39, 161, 39, 1.0)","rgba(152, 0, 101, 1.0)",0,0,1,1,0,2,87.4,79.3,3.04594,1.44299,14,0.432724,6.50135,3.6,6.0,-25.0,11.2,1.4,2283.0,154.0,,,,,,,,,686765,Nick Sogard,,2B,,0,0,0,Double,28.8373,-21.3484,-0.68988,6.68663,1.27839,2.14671,-0.648161,-127.134,-4.74946,68.27,180.82,1.62729,50.0,5.75867,-1.11607,,,,,,,,,,,,,,,,,,,,,,,,,,,,,,,,,,,,,,,,,,,,,,2025-05-20 20:46:49
42,777940,10,2025-05-13T23:02:24.819Z,2025-05-13T23:03:07.308Z,2,top,1,pitch,"In play, no out",686765,Nick Sogard,663947,Tyler Holton,L,R,atBat,Double,Nick Sogard doubles (1) on a ground ball to left fielder Riley Greene.,0,1,0,0,1,0,2,2,D,"In play, no out",Changeup,CH,"rgba(26, 86, 190, 1.0)","rgba(0, 85, 254, 1.0)",1,0,0,1,0,2,82.4,74.9,3.11,1.4,5,0.45905,6.56655,25.2,8.4,-33.0,7.7,-15.6,1595.0,114.0,90.8,-4.0,28.0,ground_ball,medium,7.0,44.0,117.0,686765,Nick Sogard,,2B,,0,0,0,Double,25.3463,-25.7224,9.66594,4.48795,-0.0691072,2.28222,-6.83844,-119.787,-2.62515,119.63,177.16,1.58142,50.0044,5.7165,13.9045,,,,,,,,,,,,,,,,,,,,,,,,,,,,,,,,,,,,,,,,,,,,,,2025-05-20 20:46:49
43,777940,27,2025-05-13T23:40:12.612Z,2025-05-13T23:41:32.046Z,4,top,1,pitch,Ball,686765,Nick Sogard,672456,Keider Montero,R,L,atBat,Pop Out,Nick Sogard pops out to second baseman Gleyber Torres.,0,2,2,1,2,0,2,1,B,Ball,Knuckle Curve,KC,"rgba(39, 161, 39, 1.0)","rgba(153, 171, 0, 1.0)",0,0,1,1,0,1,77.5,69.9,3.07451,1.34087,14,0.492755,6.39484,19.2,14.4,-59.2,-12.2,-20.5,2944.0,37.0,,,,,,,,,686765,Nick Sogard,,,1B,1,0,0,Pop Out,27.0077,-41.1436,10.6549,-7.22633,0.973479,1.94458,4.14007,-112.651,0.710606,79.89,186.28,-2.29162,50.0031,5.90225,13.2233,,,,,,,,,,,,,,,,,,,,,,,,,,,,,,,,,,,,,,,,,,,,,,2025-05-20 20:46:49
44,777940,27,2025-05-13T23:40:12.612Z,2025-05-13T23:41:32.046Z,4,top,1,pitch,Ball,686765,Nick Sogard,672456,Keider Montero,R,L,atBat,Pop Out,Nick Sogard pops out to second baseman Gleyber Torres.,0,2,2,1,2,0,2,2,B,Ball,Four-Seam Fastball,FF,"rgba(39, 161, 39, 1.0)","rgba(188, 0, 33, 1.0)",0,0,1,2,0,1,92.6,82.9,2.75206,1.34347,11,0.410309,6.26486,32.4,3.6,-13.3,19.2,8.5,2271.0,207.0,,,,,,,,,686765,Nick Sogard,,,1B,1,0,0,Pop Out,34.9079,-12.6992,-5.70147,10.8456,-0.846072,3.97879,6.51592,-134.579,-2.16654,149.25,131.35,-2.58221,50.0061,5.71705,-10.2418,,,,,,,,,,,,,,,,,,,,,,,,,,,,,,,,,,,,,,,,,,,,,,2025-05-20 20:46:49
45,777940,27,2025-05-13T23:40:12.612Z,2025-05-13T23:41:32.046Z,4,top,1,pitch,"In play, out(s)",686765,Nick Sogard,672456,Keider Montero,R,L,atBat,Pop Out,Nick Sogard pops out to second baseman Gleyber Torres.,0,2,2,1,2,0,2,3,X,"In play, out(s)",Four-Seam Fastball,FF,"rgba(26, 86, 190, 1.0)","rgba(188, 0, 33, 1.0)",1,0,0,2,0,1,92.6,82.7,3.11,1.4,6,0.41166,6.37333,36.0,3.6,-14.5,18.2,10.4,2214.0,217.0,93.9,63.0,186.0,popup,medium,4.0,159.89,139.52,686765,Nick Sogard,,,1B,1,0,0,Pop Out,35.4553,-12.7813,-7.24003,10.8759,0.518249,2.42664,9.90353,-134.273,-5.69087,97.25,173.26,-2.31819,50.0017,5.52259,-12.9088,,,,,,,,,,,,,,,,,,,,,,,,,,,,,,,,,,,,,,,,,,,,,,2025-05-20 20:46:49
46,777940,45,2025-05-14T00:18:50.991Z,2025-05-14T00:19:16.915Z,6,top,1,pitch,"In play, no out",686765,Nick Sogard,676428,Brant Hurter,L,R,atBat,Single,Nick Sogard singles on a line drive to left fielder Riley Greene. Wilyer Abreu to 2nd.,0,3,4,0,0,0,0,1,D,"In play, no out",Sinker,SI,"rgba(26, 86, 190, 1.0)","rgba(50, 0, 221, 1.0)",1,0,0,0,0,0,92.6,84.7,3.11,1.4,5,0.408006,6.10713,32.4,7.2,-28.0,4.2,-17.9,2118.0,126.0,98.8,10.0,173.0,line_drive,medium,7.0,63.76,108.68,686765,Nick Sogard,,1B,,0,0,0,Single,29.1965,-27.1812,11.2907,2.73695,-0.147689,2.14578,-11.9803,-134.27,-4.41357,122.63,180.84,2.90607,50.0047,5.74617,20.6091,677800.0,Wilyer Abreu,1B,2B,,False,False,False,Single,,,,,,,,,,,,,,,,,,,,,,,,,,,,,,,,,,,,,2025-05-20 20:46:49
47,777940,65,2025-05-14T01:06:08.590Z,2025-05-14T01:06:18.078Z,8,top,1,pitch,"In play, out(s)",686765,Nick Sogard,669724,Brenan Hanifee,R,L,atBat,Flyout,Nick Sogard flies out to left fielder Riley Greene.,0,6,4,1,0,0,2,1,X,"In play, out(s)",Sinker,SI,"rgba(26, 86, 190, 1.0)","rgba(50, 0, 221, 1.0)",1,0,0,0,0,1,95.6,87.3,3.11,1.4,5,0.394712,6.25599,31.2,7.2,-28.1,1.9,17.3,1998.0,242.0,69.0,36.0,225.0,fly_ball,medium,7.0,67.38,130.98,686765,Nick Sogard,,,1B,1,0,0,Flyout,31.4029,-29.7528,-10.8008,1.24374,0.150776,2.54935,10.6438,-138.823,-2.31037,111.25,169.95,-2.33184,50.0036,5.37508,-21.0584,,,,,,,,,,,,,,,,,,,,,,,,,,,,,,,,,,,,,,,,,,,,,,2025-05-20 20:46:49
48,777940,77,2025-05-14T01:35:38.144Z,2025-05-14T01:37:01.308Z,9,top,1,pitch,Foul,686765,Nick Sogard,676684,Will Vest,R,L,atBat,Strikeout,Nick Sogard called out on strikes.,0,6,6,1,2,3,3,1,F,Foul,Four-Seam Fastball,FF,"rgba(170, 21, 11, 1.0)","rgba(188, 0, 33, 1.0)",0,1,0,0,1,2,96.5,88.2,3.11,1.4,1,0.390069,6.37711,31.2,3.6,-11.6,17.6,7.2,2306.0,208.0,,,,,,,,,686765,Nick Sogard,,,1B,1,0,0,Strikeout,31.3653,-11.61,-4.5756,10.2938,-0.333929,2.70293,5.42921,-140.348,-5.64134,129.73,165.8,-1.69775,50.0016,5.49316,-9.13995,,,,,,,,,,,,,,,,,,,,,,,,,,,,,,,,,,,,,,,,,,,,,,2025-05-20 20:46:49
49,777940,77,2025-05-14T01:35:38.144Z,2025-05-14T01:37:01.308Z,9,top,1,pitch,Ball,686765,Nick Sogard,676684,Will Vest,R,L,atBat,Strikeout,Nick Sogard called out on strikes.,0,6,6,1,2,3,3,2,B,Ball,Changeup,CH,"rgba(39, 161, 39, 1.0)","rgba(0, 85, 254, 1.0)",0,0,1,1,1,2,90.8,83.0,3.06522,1.37996,13,0.415066,6.30978,30.0,7.2,-29.0,4.2,16.4,1610.0,232.0,,,,,,,,,686765,Nick Sogard,,,1B,1,0,0,Strikeout,29.4616,-27.5284,-9.61836,2.63609,-1.63849,1.96098,4.04205,-132.204,-3.56523,179.46,185.83,-1.94185,50.0008,5.35838,-16.9411,,,,,,,,,,,,,,,,,,,,,,,,,,,,,,,,,,,,,,,,,,,,,,2025-05-20 20:46:49
50,777940,77,2025-05-14T01:35:38.144Z,2025-05-14T01:37:01.308Z,9,top,1,pitch,Swinging Strike,686765,Nick Sogard,676684,Will Vest,R,L,atBat,Strikeout,Nick Sogard called out on strikes.,0,6,6,1,2,3,3,3,S,Swinging Strike,Changeup,CH,"rgba(170, 21, 11, 1.0)","rgba(0, 85, 254, 1.0)",0,1,0,1,2,2,90.3,82.8,3.11,1.4,13,0.41754,6.45693,31.2,7.2,-29.2,4.4,17.9,1678.0,235.0,,,,,,,,,686765,Nick Sogard,,,1B,1,0,0,Strikeout,28.1429,-26.7976,-10.6581,3.08759,-0.747884,0.998743,6.4995,-131.247,-5.93753,145.51,211.81,-1.87341,50.0042,5.28976,-18.5694,,,,,,,,,,,,,,,,,,,,,,,,,,,,,,,,,,,,,,,,,,,,,,2025-05-20 20:46:49
51,777940,77,2025-05-14T01:35:38.144Z,2025-05-14T01:37:01.308Z,9,top,1,pitch,Ball,686765,Nick Sogard,676684,Will Vest,R,L,atBat,Strikeout,Nick Sogard called out on strikes.,0,6,6,1,2,3,3,4,B,Ball,Four-Seam Fastball,FF,"rgba(39, 161, 39, 1.0)","rgba(188, 0, 33, 1.0)",0,0,1,2,2,2,96.5,87.3,3.1584,1.38181,11,0.391713,6.42567,22.8,3.6,-12.7,16.8,5.3,2179.0,215.0,,,,,,,,,686765,Nick Sogard,,,1B,1,0,0,Strikeout,34.5501,-13.5801,-3.61976,9.40946,-0.168533,4.05557,5.7807,-140.337,-1.57624,123.42,129.28,-1.7937,50.0005,5.51831,-7.15191,,,,,,,,,,,,,,,,,,,,,,,,,,,,,,,,,,,,,,,,,,,,,,2025-05-20 20:46:49
52,777940,77,2025-05-14T01:35:38.144Z,2025-05-14T01:37:01.308Z,9,top,1,pitch,Called Strike,686765,Nick Sogard,676684,Will Vest,R,L,atBat,Strikeout,Nick Sogard called out on strikes.,0,6,6,1,2,3,3,5,C,Called Strike,Four-Seam Fastball,FF,"rgba(170, 21, 11, 1.0)","rgba(188, 0, 33, 1.0)",0,1,0,2,3,2,96.4,88.1,3.05852,1.38744,7,0.390894,6.44251,27.6,2.4,-11.9,17.6,6.1,2187.0,207.0,,,,,,,,,686765,Nick Sogard,,,1B,1,0,0,Strikeout,32.0481,-11.218,-4.0473,10.5417,-0.309228,1.77523,5.67569,-140.19,-7.74839,128.79,190.85,-1.83535,50.006,5.30961,-8.04837,,,,,,,,,,,,,,,,,,,,,,,,,,,,,,,,,,,,,,,,,,,,,,2025-05-20 20:46:49
53,777927,9,2025-05-14T22:58:40.634Z,2025-05-14T22:59:39.214Z,2,top,1,pitch,Swinging Strike,686765,Nick Sogard,669373,Tarik Skubal,L,R,atBat,Lineout,Nick Sogard lines out to right fielder Akil Baddoo.,0,0,1,1,1,1,2,1,S,Swinging Strike,Changeup,CH,"rgba(170, 21, 11, 1.0)","rgba(0, 85, 254, 1.0)",0,1,0,0,1,1,88.9,82.3,3.08,1.39,14,0.422334,6.40994,24.0,7.2,-29.0,5.4,-13.1,1956.0,143.0,,,,,,,,,686765,Nick Sogard,,,1B,1,0,0,Lineout,25.0636,-25.8747,7.86244,3.68945,0.22358,1.25518,-5.85748,-129.32,-6.98453,108.48,204.89,1.48801,50.0023,5.95501,13.4173,,,,,,,,,,,,,,,,,,,,,,,,,,,,,,,,,,,,,,,,,,,,,,2025-05-20 20:46:56
54,777927,9,2025-05-14T22:58:40.634Z,2025-05-14T22:59:39.214Z,2,top,1,pitch,Ball,686765,Nick Sogard,669373,Tarik Skubal,L,R,atBat,Lineout,Nick Sogard lines out to right fielder Akil Baddoo.,0,0,1,1,1,1,2,2,B,Ball,Sinker,SI,"rgba(39, 161, 39, 1.0)","rgba(50, 0, 221, 1.0)",0,0,1,1,1,1,99.1,91.2,2.92606,1.32052,12,0.378678,6.41147,33.6,4.8,-16.0,11.8,-10.4,2254.0,155.0,,,,,,,,,686765,Nick Sogard,,,1B,1,0,0,Lineout,31.4143,-17.577,6.36783,6.87892,0.242088,3.18811,-5.84051,-144.263,-4.85791,107.77,152.7,1.4588,50.0021,5.96628,13.5131,,,,,,,,,,,,,,,,,,,,,,,,,,,,,,,,,,,,,,,,,,,,,,2025-05-20 20:46:56
55,777927,9,2025-05-14T22:58:40.634Z,2025-05-14T22:59:39.214Z,2,top,1,pitch,"In play, out(s)",686765,Nick Sogard,669373,Tarik Skubal,L,R,atBat,Lineout,Nick Sogard lines out to right fielder Akil Baddoo.,0,0,1,1,1,1,2,3,X,"In play, out(s)",Sinker,SI,"rgba(26, 86, 190, 1.0)","rgba(50, 0, 221, 1.0)",1,0,0,1,1,1,97.1,89.2,3.08,1.39,3,0.387067,6.42202,34.8,4.8,-18.5,10.4,-12.6,2186.0,148.0,86.8,17.0,239.0,line_drive,medium,9.0,168.34,114.25,686765,Nick Sogard,,,1B,1,0,0,Lineout,30.8797,-19.5008,7.56413,6.24231,0.630627,2.82085,-5.57691,-141.278,-5.14372,92.96,162.62,1.64314,50.0037,5.91077,15.3578,,,,,,,,,,,,,,,,,,,,,,,,,,,,,,,,,,,,,,,,,,,,,,2025-05-20 20:46:56
56,777927,31,2025-05-14T23:40:40.404Z,2025-05-14T23:41:29.037Z,5,top,1,pitch,Called Strike,686765,Nick Sogard,669373,Tarik Skubal,L,R,atBat,Groundout,"Nick Sogard grounds out, shortstop Trey Sweeney to first baseman Colt Keith.",0,2,2,1,1,1,1,1,C,Called Strike,Changeup,CH,"rgba(170, 21, 11, 1.0)","rgba(0, 85, 254, 1.0)",0,1,0,0,1,0,88.8,81.4,2.95585,1.3612,2,0.423779,6.30348,27.6,7.2,-28.7,6.0,-14.9,1970.0,143.0,,,,,,,,,686765,Nick Sogard,,,1B,1,0,0,Groundout,26.887,-26.2138,9.02539,3.52363,0.0059592,2.96624,-6.40033,-129.241,-2.87311,116.77,158.69,1.34165,50.0043,6.10527,15.2724,,,,,,,,,,,,,,,,,,,,,,,,,,,,,,,,,,,,,,,,,,,,,,2025-05-20 20:46:56
57,777927,31,2025-05-14T23:40:40.404Z,2025-05-14T23:41:29.037Z,5,top,1,pitch,Ball,686765,Nick Sogard,669373,Tarik Skubal,L,R,atBat,Groundout,"Nick Sogard grounds out, shortstop Trey Sweeney to first baseman Colt Keith.",0,2,2,1,1,1,1,2,B,Ball,Slider,SL,"rgba(39, 161, 39, 1.0)","rgba(0, 0, 254, 1.0)",0,0,1,1,1,0,90.6,84.0,2.9771,1.38942,12,0.412782,6.43464,6.0,6.0,-25.3,7.6,2.9,2264.0,167.0,,,,,,,,,686765,Nick Sogard,,,1B,1,0,0,Groundout,25.0044,-24.1876,-1.55209,4.46374,1.70848,2.81927,-0.125464,-132.095,-3.79872,51.88,162.66,1.95837,50.0007,6.02966,-2.77493,,,,,,,,,,,,,,,,,,,,,,,,,,,,,,,,,,,,,,,,,,,,,,2025-05-20 20:46:56
58,777927,31,2025-05-14T23:40:40.404Z,2025-05-14T23:41:29.037Z,5,top,1,pitch,"In play, out(s)",686765,Nick Sogard,669373,Tarik Skubal,L,R,atBat,Groundout,"Nick Sogard grounds out, shortstop Trey Sweeney to first baseman Colt Keith.",0,2,2,1,1,1,1,3,X,"In play, out(s)",Sinker,SI,"rgba(26, 86, 190, 1.0)","rgba(50, 0, 221, 1.0)",1,0,0,1,1,0,98.3,90.3,3.08,1.39,9,0.382623,6.59334,42.0,3.6,-14.2,14.2,-12.4,2313.0,148.0,67.6,-15.0,11.0,ground_ball,medium,6.0,119.39,157.26,686765,Nick Sogard,,,1B,1,0,0,Groundout,31.6858,-14.2256,7.47345,8.64106,0.389533,1.84794,-6.10231,-142.931,-8.73116,102.15,188.89,1.57687,50.0055,5.82749,15.5284,,,,,,,,,,,,,,,,,,,,,,,,,,,,,,,,,,,,,,,,,,,,,,2025-05-20 20:46:56
59,777927,50,2025-05-15T00:15:12.991Z,2025-05-15T00:15:54.730Z,7,top,1,pitch,Ball,686765,Nick Sogard,669373,Tarik Skubal,L,R,atBat,Single,Nick Sogard singles on a sharp line drive to left fielder Riley Greene.,0,5,2,0,1,0,1,1,B,Ball,Knuckle Curve,KC,"rgba(39, 161, 39, 1.0)","rgba(153, 171, 0, 1.0)",0,0,1,1,0,1,79.6,73.6,2.88748,1.29938,12,0.471541,6.44595,4.8,10.8,-47.6,-4.8,4.1,2318.0,317.0,,,,,,,,,686765,Nick Sogard,,1B,,0,0,0,Single,21.0739,-36.1121,-2.13657,-2.88029,0.93472,3.14731,-0.876718,-116.021,0.834687,81.37,153.8,1.59471,50.0026,6.21603,-2.92154,,,,,,,,,,,,,,,,,,,,,,,,,,,,,,,,,,,,,,,,,,,,,,2025-05-20 20:46:56
60,777927,50,2025-05-15T00:15:12.991Z,2025-05-15T00:15:54.730Z,7,top,1,pitch,"In play, no out",686765,Nick Sogard,669373,Tarik Skubal,L,R,atBat,Single,Nick Sogard singles on a sharp line drive to left fielder Riley Greene.,0,5,2,0,1,0,1,2,D,"In play, no out",Sinker,SI,"rgba(26, 86, 190, 1.0)","rgba(50, 0, 221, 1.0)",1,0,0,1,0,1,97.1,88.6,3.08,1.39,1,0.388368,6.55193,37.2,4.8,-15.1,14.0,-11.6,2311.0,155.0,105.6,12.0,219.0,line_drive,hard,7.0,63.61,95.95,686765,Nick Sogard,,1B,,0,0,0,Single,32.7382,-15.279,7.26645,8.3937,-0.374685,2.63169,-7.38995,-141.138,-6.47956,131.28,167.72,1.3361,50.0047,5.94487,14.6312,,,,,,,,,,,,,,,,,,,,,,,,,,,,,,,,,,,,,,,,,,,,,,2025-05-20 20:46:56
61,777927,62,2025-05-15T00:46:00.711Z,2025-05-15T00:48:05.225Z,8,top,1,pitch,Ball,686765,Nick Sogard,592454,Tommy Kahnle,R,L,atBat,Groundout,Nick Sogard grounds out to first baseman Colt Keith.,0,5,5,1,3,2,3,1,B,Ball,Changeup,CH,"rgba(39, 161, 39, 1.0)","rgba(0, 85, 254, 1.0)",0,0,1,1,0,2,86.9,80.5,3.12515,1.3892,14,0.432661,6.99557,19.2,8.4,-35.5,0.6,12.4,1262.0,254.0,,,,,,,,,686765,Nick Sogard,,,1B,1,0,0,Groundout,23.4623,-31.0458,-8.02866,0.692087,1.55808,1.14066,10.7023,-126.151,-3.86242,57.61,207.98,-1.67829,50.0014,5.16934,-13.0582,,,,,,,,,,,,,,,,,,,,,,,,,,,,,,,,,,,,,,,,,,,,,,2025-05-20 20:46:56
62,777927,62,2025-05-15T00:46:00.711Z,2025-05-15T00:48:05.225Z,8,top,1,pitch,Ball,686765,Nick Sogard,592454,Tommy Kahnle,R,L,atBat,Groundout,Nick Sogard grounds out to first baseman Colt Keith.,0,5,5,1,3,2,3,2,B,Ball,Changeup,CH,"rgba(39, 161, 39, 1.0)","rgba(0, 85, 254, 1.0)",0,0,1,2,0,2,87.5,80.2,3.21047,1.48054,14,0.431577,6.82752,19.2,8.4,-37.0,-1.1,13.0,1340.0,257.0,,,,,,,,,686765,Nick Sogard,,,1B,1,0,0,Groundout,26.8767,-32.4364,-8.40449,-0.160444,0.820664,0.903003,9.46518,-127.08,-4.09022,85.72,214.4,-1.86632,50.0028,5.11969,-13.6991,,,,,,,,,,,,,,,,,,,,,,,,,,,,,,,,,,,,,,,,,,,,,,2025-05-20 20:46:56
63,777927,62,2025-05-15T00:46:00.711Z,2025-05-15T00:48:05.225Z,8,top,1,pitch,Called Strike,686765,Nick Sogard,592454,Tommy Kahnle,R,L,atBat,Groundout,Nick Sogard grounds out to first baseman Colt Keith.,0,5,5,1,3,2,3,3,C,Called Strike,Changeup,CH,"rgba(170, 21, 11, 1.0)","rgba(0, 85, 254, 1.0)",0,1,0,2,1,2,87.6,80.1,3.13054,1.4593,8,0.430602,6.76688,18.0,8.4,-35.9,-0.1,11.5,1293.0,259.0,,,,,,,,,686765,Nick Sogard,,,1B,1,0,0,Groundout,27.1878,-32.0368,-7.25147,0.0852762,-0.142939,1.87519,6.9932,-127.404,-2.08546,122.45,188.15,-1.98671,50.0046,5.2466,-11.8732,,,,,,,,,,,,,,,,,,,,,,,,,,,,,,,,,,,,,,,,,,,,,,2025-05-20 20:46:56
64,777927,62,2025-05-15T00:46:00.711Z,2025-05-15T00:48:05.225Z,8,top,1,pitch,Ball,686765,Nick Sogard,592454,Tommy Kahnle,R,L,atBat,Groundout,Nick Sogard grounds out to first baseman Colt Keith.,0,5,5,1,3,2,3,4,B,Ball,Four-Seam Fastball,FF,"rgba(39, 161, 39, 1.0)","rgba(188, 0, 33, 1.0)",0,0,1,3,1,2,93.3,85.5,3.16055,1.40079,14,0.404091,6.93915,21.6,3.6,-16.6,15.0,6.6,2046.0,207.0,,,,,,,,,686765,Nick Sogard,,,1B,1,0,0,Groundout,29.0465,-15.481,-4.70952,8.96837,1.46128,1.7267,9.31404,-135.446,-6.83071,61.3,192.16,-1.40719,50.004,5.36002,-8.76799,,,,,,,,,,,,,,,,,,,,,,,,,,,,,,,,,,,,,,,,,,,,,,2025-05-20 20:46:56
65,777927,62,2025-05-15T00:46:00.711Z,2025-05-15T00:48:05.225Z,8,top,1,pitch,Called Strike,686765,Nick Sogard,592454,Tommy Kahnle,R,L,atBat,Groundout,Nick Sogard grounds out to first baseman Colt Keith.,0,5,5,1,3,2,3,5,C,Called Strike,Changeup,CH,"rgba(170, 21, 11, 1.0)","rgba(0, 85, 254, 1.0)",0,1,0,3,2,2,86.1,79.7,3.18115,1.45121,11,0.435134,6.78364,19.2,8.4,-35.3,1.3,12.0,1263.0,258.0,,,,,,,,,686765,Nick Sogard,,,1B,1,0,0,Groundout,23.1216,-31.033,-7.25403,0.706607,-0.947089,2.37083,5.39872,-125.427,-0.901897,153.1,174.77,-2.17495,50.0016,5.24456,-11.6666,,,,,,,,,,,,,,,,,,,,,,,,,,,,,,,,,,,,,,,,,,,,,,2025-05-20 20:46:56
66,777927,62,2025-05-15T00:46:00.711Z,2025-05-15T00:48:05.225Z,8,top,1,pitch,"In play, out(s)",686765,Nick Sogard,592454,Tommy Kahnle,R,L,atBat,Groundout,Nick Sogard grounds out to first baseman Colt Keith.,0,5,5,1,3,2,3,6,X,"In play, out(s)",Changeup,CH,"rgba(26, 86, 190, 1.0)","rgba(0, 85, 254, 1.0)",1,0,0,3,2,2,87.0,79.7,3.08,1.39,13,0.433742,6.89467,19.2,9.6,-38.0,-1.7,13.4,1284.0,260.0,63.2,-35.0,5.0,ground_ball,medium,3.0,155.36,173.04,686765,Nick Sogard,,,1B,1,0,0,Groundout,26.713,-33.1813,-8.27156,-0.622966,-0.385055,1.20051,6.50937,-126.462,-3.25671,131.68,206.37,-1.92262,50.0029,5.17712,-13.3462,,,,,,,,,,,,,,,,,,,,,,,,,,,,,,,,,,,,,,,,,,,,,,2025-05-20 20:46:56
67,777908,14,2025-05-16T23:35:43.883Z,2025-05-16T23:36:16.600Z,2,bottom,1,pitch,"In play, no out",686765,Nick Sogard,519242,Chris Sale,L,R,atBat,Single,Nick Sogard singles on a line drive to left fielder Eli White.,0,0,2,0,0,0,2,1,D,"In play, no out",Four-Seam Fastball,FF,"rgba(26, 86, 190, 1.0)","rgba(188, 0, 33, 1.0)",1,0,0,0,0,2,97.7,89.2,3.07,1.39,2,0.385859,6.83324,36.0,6.0,-20.9,7.9,-15.2,2217.0,111.0,96.9,13.0,211.0,line_drive,medium,7.0,66.2,112.84,686765,Nick Sogard,,1B,,0,0,0,Single,32.3988,-23.2441,9.6528,4.37563,0.173915,2.88743,-10.8146,-141.937,-1.1178,110.37,160.82,2.77882,50.0039,4.76614,19.7032,,,,,,,,,,,,,,,,,,,,,,,,,,,,,,,,,,,,,,,,,,,,,,2025-05-20 20:47:04
68,777908,33,2025-05-17T00:14:26.675Z,2025-05-17T00:16:05.543Z,5,bottom,1,pitch,Ball,686765,Nick Sogard,519242,Chris Sale,L,R,atBat,Groundout,"Nick Sogard grounds out, pitcher Chris Sale to first baseman Matt Olson.",0,0,2,1,1,1,1,1,B,Ball,Slider,SL,"rgba(39, 161, 39, 1.0)","rgba(0, 0, 254, 1.0)",0,0,1,1,0,0,78.6,72.2,3.07,1.42616,13,0.480716,6.46313,14.4,10.8,-48.7,-4.1,12.4,2414.0,315.0,,,,,,,,,686765,Nick Sogard,,,1B,1,0,0,Groundout,22.8421,-35.1109,-6.01341,-2.23776,-0.247693,0.716598,-5.4508,-114.332,-1.28804,126.44,219.43,2.95642,50.003,4.76099,-7.88932,,,,,,,,,,,,,,,,,,,,,,,,,,,,,,,,,,,,,,,,,,,,,,2025-05-20 20:47:04
69,777908,33,2025-05-17T00:14:26.675Z,2025-05-17T00:16:05.543Z,5,bottom,1,pitch,Swinging Strike,686765,Nick Sogard,519242,Chris Sale,L,R,atBat,Groundout,"Nick Sogard grounds out, pitcher Chris Sale to first baseman Matt Olson.",0,0,2,1,1,1,1,2,S,Swinging Strike,Slider,SL,"rgba(170, 21, 11, 1.0)","rgba(0, 0, 254, 1.0)",0,1,0,1,1,0,78.3,71.7,3.07,1.39,8,0.482351,6.38478,12.0,10.8,-48.2,-3.2,10.0,2398.0,299.0,,,,,,,,,686765,Nick Sogard,,,1B,1,0,0,Groundout,22.5978,-35.0386,-4.73719,-2.19917,0.0706231,1.8392,-5.04797,-113.926,1.30165,114.31,189.12,2.93755,50.0014,4.74622,-6.17342,,,,,,,,,,,,,,,,,,,,,,,,,,,,,,,,,,,,,,,,,,,,,,2025-05-20 20:47:04
70,777908,33,2025-05-17T00:14:26.675Z,2025-05-17T00:16:05.543Z,5,bottom,1,pitch,"In play, out(s)",686765,Nick Sogard,519242,Chris Sale,L,R,atBat,Groundout,"Nick Sogard grounds out, pitcher Chris Sale to first baseman Matt Olson.",0,0,2,1,1,1,1,3,X,"In play, out(s)",Slider,SL,"rgba(26, 86, 190, 1.0)","rgba(0, 0, 254, 1.0)",1,0,0,1,1,0,79.5,72.5,3.07,1.39,14,0.475679,6.27479,12.0,10.8,-46.7,-3.0,10.4,2495.0,300.0,63.7,-5.0,18.0,ground_ball,medium,1.0,126.25,182.89,686765,Nick Sogard,,,1B,1,0,0,Groundout,23.9366,-34.7761,-5.29754,-1.94577,0.921674,1.76491,-3.05205,-115.665,0.660081,81.87,191.13,2.95161,50.0006,4.84188,-7.09261,,,,,,,,,,,,,,,,,,,,,,,,,,,,,,,,,,,,,,,,,,,,,,2025-05-20 20:47:04
71,777908,52,2025-05-17T00:56:51.122Z,2025-05-17T00:58:19.115Z,7,bottom,1,pitch,Called Strike,686765,Nick Sogard,519242,Chris Sale,L,R,atBat,Single,"Nick Sogard singles on a sharp line drive to left fielder Eli White. Nick Sogard out at 2nd on the throw, left fielder Eli White to second baseman Ozzie Albies.",0,1,2,1,2,1,3,1,C,Called Strike,Slider,SL,"rgba(170, 21, 11, 1.0)","rgba(0, 0, 254, 1.0)",0,1,0,0,1,2,80.2,73.8,2.99749,1.35373,7,0.470183,6.53567,20.4,10.8,-43.9,-1.2,16.7,2355.0,302.0,,,,,,,,,686765,Nick Sogard,,1B,,0,0,0,Single,22.8275,-33.2784,-8.48633,-0.805903,-0.391962,1.43179,-4.98348,-116.684,-0.288932,131.94,200.12,2.87689,50.0016,4.70411,-11.6505,686765.0,Nick Sogard,1B,,2B,True,False,False,Runner Out,,,,,,,,,,,,,,,,,,,,,,,,,,,,,,,,,,,,,2025-05-20 20:47:04
72,777908,52,2025-05-17T00:56:51.122Z,2025-05-17T00:58:19.115Z,7,bottom,1,pitch,Ball,686765,Nick Sogard,519242,Chris Sale,L,R,atBat,Single,"Nick Sogard singles on a sharp line drive to left fielder Eli White. Nick Sogard out at 2nd on the throw, left fielder Eli White to second baseman Ozzie Albies.",0,1,2,1,2,1,3,2,B,Ball,Slider,SL,"rgba(39, 161, 39, 1.0)","rgba(0, 0, 254, 1.0)",0,0,1,1,1,2,81.6,74.6,2.99749,1.39,14,0.462495,6.4424,12.0,9.6,-42.5,-1.2,9.1,2483.0,304.0,,,,,,,,,686765,Nick Sogard,,1B,,0,0,0,Single,24.5482,-33.274,-4.83368,-0.77743,1.95552,1.59268,-1.28862,-118.811,-0.454827,42.46,195.78,3.1339,50.0021,4.83244,-6.85159,686765.0,Nick Sogard,1B,,2B,True,False,False,Runner Out,,,,,,,,,,,,,,,,,,,,,,,,,,,,,,,,,,,,,2025-05-20 20:47:04
73,777908,52,2025-05-17T00:56:51.122Z,2025-05-17T00:58:19.115Z,7,bottom,1,pitch,Ball,686765,Nick Sogard,519242,Chris Sale,L,R,atBat,Single,"Nick Sogard singles on a sharp line drive to left fielder Eli White. Nick Sogard out at 2nd on the throw, left fielder Eli White to second baseman Ozzie Albies.",0,1,2,1,2,1,3,3,B,Ball,Slider,SL,"rgba(39, 161, 39, 1.0)","rgba(0, 0, 254, 1.0)",0,0,1,2,1,2,79.8,73.1,2.96122,1.39,12,0.472266,6.62115,12.0,10.8,-46.8,-3.7,9.7,2331.0,303.0,,,,,,,,,686765,Nick Sogard,,1B,,0,0,0,Single,22.4123,-35.7025,-5.04264,-2.58936,1.41881,2.64416,-2.33551,-116.124,2.65965,62.92,167.39,3.09382,50.0037,4.88805,-6.86468,686765.0,Nick Sogard,1B,,2B,True,False,False,Runner Out,,,,,,,,,,,,,,,,,,,,,,,,,,,,,,,,,,,,,2025-05-20 20:47:04
74,777908,52,2025-05-17T00:56:51.122Z,2025-05-17T00:58:19.115Z,7,bottom,1,pitch,"In play, out(s)",686765,Nick Sogard,519242,Chris Sale,L,R,atBat,Single,"Nick Sogard singles on a sharp line drive to left fielder Eli White. Nick Sogard out at 2nd on the throw, left fielder Eli White to second baseman Ozzie Albies.",0,1,2,1,2,1,3,4,X,"In play, out(s)",Slider,SL,"rgba(26, 86, 190, 1.0)","rgba(0, 0, 254, 1.0)",1,0,0,2,1,2,80.3,73.6,3.07,1.39,7,0.470103,6.48156,22.8,10.8,-44.0,-1.4,19.0,2510.0,309.0,102.5,24.0,355.0,line_drive,hard,7.0,65.35,109.06,686765,Nick Sogard,,1B,,0,0,0,Single,23.766,-33.6294,-9.80914,-1.05717,-0.287732,1.84526,-4.63954,-116.89,0.642778,127.97,188.96,3.00273,50.0049,4.74545,-13.4604,686765.0,Nick Sogard,1B,,2B,True,False,False,Runner Out,,,,,,,,,,,,,,,,,,,,,,,,,,,,,,,,,,,,,2025-05-20 20:47:04
